{
  "results": [
    {
      "command": "../target/release/aoc-24",
      "mean": 5.9817534859,
      "stddev": 1.7205251655624703,
      "median": 5.396932567,
      "user": 5.268672,
      "system": 0.2624545,
      "min": 4.587177774,
      "max": 9.978244906,
      "times": [
        9.978244906,
        7.629171261,
        6.225544511,
        5.141815632,
        4.587177774,
        4.631090297,
        4.644734206,
        6.477310287,
        5.652049502,
        4.850396483
      ],
      "exit_codes": [
        0,
        0,
        0,
        0,
        0,
        0,
        0,
        0,
        0,
        0
      ]
    }
  ]
}
