{
  "results": [
    {
      "command": "../target/release/aoc-12",
      "mean": 0.08398317640540541,
      "stddev": 0.013070965576184363,
      "median": 0.07991785500000001,
      "user": 0.074392027027027,
      "system": 0.003400864864864865,
      "min": 0.076741895,
      "max": 0.14684144300000002,
      "times": [
        0.079081892,
        0.080486708,
        0.07834674500000001,
        0.078610205,
        0.078567991,
        0.07991785500000001,
        0.07772129700000001,
        0.082471004,
        0.077635363,
        0.08020202300000001,
        0.079525595,
        0.077015683,
        0.082768491,
        0.08665835300000001,
        0.09442194000000001,
        0.09246246300000001,
        0.10143133300000001,
        0.082278667,
        0.08802417400000001,
        0.07993420200000001,
        0.07960051900000001,
        0.07869877700000001,
        0.07960286300000001,
        0.077807107,
        0.078078458,
        0.082244526,
        0.078134596,
        0.080919564,
        0.078121229,
        0.081474635,
        0.076741895,
        0.081194466,
        0.115241722,
        0.14684144300000002,
        0.077412835,
        0.08004781700000001,
        0.07765309100000001
      ],
      "exit_codes": [
        0,
        0,
        0,
        0,
        0,
        0,
        0,
        0,
        0,
        0,
        0,
        0,
        0,
        0,
        0,
        0,
        0,
        0,
        0,
        0,
        0,
        0,
        0,
        0,
        0,
        0,
        0,
        0,
        0,
        0,
        0,
        0,
        0,
        0,
        0,
        0,
        0
      ]
    },
    {
      "command": "../target/release/aoc-14",
      "mean": 0.35294676230000005,
      "stddev": 0.04774513059023142,
      "median": 0.346209492,
      "user": 0.30039669999999996,
      "system": 0.010741299999999999,
      "min": 0.30096601,
      "max": 0.435091408,
      "times": [
        0.349253099,
        0.36427741,
        0.435091408,
        0.31333077000000004,
        0.30096601,
        0.32996731100000004,
        0.343165885,
        0.35504944600000005,
        0.433213605,
        0.30515267900000004
      ],
      "exit_codes": [
        0,
        0,
        0,
        0,
        0,
        0,
        0,
        0,
        0,
        0
      ]
    },
    {
      "command": "../target/release/aoc-16",
      "mean": 0.445326542,
      "stddev": 0.017188338772937548,
      "median": 0.44176959300000007,
      "user": 0.40634509999999996,
      "system": 0.0229849,
      "min": 0.425882917,
      "max": 0.482376401,
      "times": [
        0.45463240400000005,
        0.44354292300000003,
        0.432494115,
        0.45931925500000004,
        0.482376401,
        0.43623662100000005,
        0.425882917,
        0.427634565,
        0.451149956,
        0.43999626300000005
      ],
      "exit_codes": [
        0,
        0,
        0,
        0,
        0,
        0,
        0,
        0,
        0,
        0
      ]
    },
    {
      "command": "../target/release/aoc-20",
      "mean": 0.15416376175000002,
      "stddev": 0.004454378527259524,
      "median": 0.15305673,
      "user": 0.14426605000000003,
      "system": 0.0036629500000000003,
      "min": 0.148359621,
      "max": 0.167183816,
      "times": [
        0.149220067,
        0.148359621,
        0.162348625,
        0.154398622,
        0.151405685,
        0.16022972600000002,
        0.167183816,
        0.15674304,
        0.153017228,
        0.152237765,
        0.153259952,
        0.153096232,
        0.153733648,
        0.15175681900000002,
        0.151727522,
        0.15274362700000002,
        0.154051137,
        0.152174956,
        0.151653007,
        0.15393414
      ],
      "exit_codes": [
        0,
        0,
        0,
        0,
        0,
        0,
        0,
        0,
        0,
        0,
        0,
        0,
        0,
        0,
        0,
        0,
        0,
        0,
        0,
        0
      ]
    },
    {
      "command": "../target/release/aoc-23",
      "mean": 0.41416872960000006,
      "stddev": 0.005554176970645632,
      "median": 0.413515779,
      "user": 0.39717129999999995,
      "system": 0.0116537,
      "min": 0.406729141,
      "max": 0.42519418800000003,
      "times": [
        0.42519418800000003,
        0.41999895000000004,
        0.413623136,
        0.40853057400000004,
        0.412899385,
        0.417106658,
        0.40933611200000003,
        0.41340842200000005,
        0.406729141,
        0.41486073
      ],
      "exit_codes": [
        0,
        0,
        0,
        0,
        0,
        0,
        0,
        0,
        0,
        0
      ]
    }
  ]
}
